,ID,Group,Feature_1,Feature_2,Feature_3
0,ID000,A,2776.169681504332,414.7946223246059,6276.21446020289
1,ID001,C,2402.3547211772366,396.9469056741861,-2004.2546094843867
2,ID002,A,2926.5450644430857,413.0801795095251,6745.294399864878
3,ID003,A,2643.333886610016,398.74863512075547,5939.400478328099
4,ID004,A,2243.3076361014964,400.4990212500089,4722.738541747636
5,ID005,A,2384.3823374980693,394.94095727466026,5185.095457354221
6,ID006,A,2122.5092105128415,385.56694407740906,4431.997613133716
7,ID007,C,2672.9475495076886,389.33333874092125,-2282.8241233472822
8,ID008,A,2438.9886328781786,409.62143781846487,5277.5999035491
9,ID009,C,2910.0871838563985,393.8840052461569,-2521.9098737601057
10,ID010,B,2763.444502717325,411.05576581210283,5512.93106300842
11,ID011,B,2772.954227374792,387.0120659054791,5559.709287946007
12,ID012,A,2665.2681469191207,395.0571447947058,6017.273533833468
13,ID013,B,2563.0043178428496,397.89285817949843,5110.464952625051
14,ID014,A,2651.976158836954,401.03666215068176,5953.632979562738
15,ID015,A,2724.142969719901,415.21886296472184,6075.908087835596
16,ID016,C,3009.4532881786336,400.8228868807983,-2609.582197851907
17,ID017,B,2825.496441921691,401.744106984929,5649.928806144084
18,ID018,A,2785.723273112965,409.4908055181024,6306.700723130394
19,ID019,C,2891.547481135036,383.3963373811921,-2500.340102481919
20,ID020,C,1664.9272083955,408.4922076976698,-1240.703902692557
21,ID021,B,2266.261910642934,405.5347388118598,4524.729556841004
22,ID022,B,2534.763036914646,410.8824466002521,5073.629377257579
23,ID023,A,2209.2824753889518,416.69544880558266,4551.811962407207
24,ID024,C,2179.4143835326436,388.61302952768494,-1775.8734947827277
25,ID025,A,2481.5311591980735,384.0031487597118,5508.210666218787
26,ID026,B,2872.1800809239817,359.51200409024335,5743.912321714635
27,ID027,A,2289.013949159964,389.13905868807734,4924.294664022808
28,ID028,A,2730.3877439673324,415.5110951967228,6122.626480891994
29,ID029,C,3082.2879919261763,380.2123429270565,-2710.187720962687
30,ID030,A,2142.600547874982,409.28525570205466,4396.713954163482
31,ID031,A,2606.2055873387208,392.3910870456186,5859.418697450708
32,ID032,B,2652.0523810388304,401.5111615077785,5311.050788132172
33,ID033,B,2300.4812838363728,401.6092613115886,4575.884536825953
34,ID034,A,2397.0766870065654,401.39676907290186,5206.062919170299
35,ID035,C,2921.593208497844,398.0820118997021,-2514.7127057707607
36,ID036,A,2395.854539073964,402.63497720794294,5175.232095970974
37,ID037,A,2347.6651727087133,423.65652558189146,4925.297291015927
38,ID038,C,3071.835772567551,414.27092345982203,-2677.241686168181
39,ID039,B,3093.323389476414,405.47600890526036,6188.066310049242
40,ID040,C,2400.862411484896,398.04522929488127,-2014.8408835634364
41,ID041,A,2474.676980667133,391.8835607608075,5474.719765471704
42,ID042,C,2215.930073233495,389.33754858232993,-1789.6823137007784
43,ID043,B,2640.4642496844535,378.78971690465795,5278.447051958321
44,ID044,B,3337.4162012381585,402.0454829513175,6692.5081906298
45,ID045,A,2793.7173810850604,395.08657817029314,6414.017408530501
46,ID046,A,2166.6320328179368,397.6200986913735,4529.246604251786
47,ID047,A,2785.4641255561446,405.4656028305396,6325.743805274738
48,ID048,C,2976.086115031753,402.20644065426984,-2598.2263489359802
49,ID049,C,1901.7932206970388,382.67125665192543,-1529.8981110724706
50,ID050,C,2108.715609293846,406.6069576834129,-1708.7290787443155
51,ID051,C,2081.2598971929824,374.0810802221263,-1710.1780826401182
52,ID052,B,2365.064991403532,412.75072909105177,4721.609921985628
53,ID053,B,2335.05697800575,396.93659165505443,4675.163594631876
54,ID054,A,2265.812032330414,395.4147375543012,4828.833897213752
55,ID055,C,2415.4930790973276,384.97639695805384,-2042.9270440875318
56,ID056,C,2454.612712114172,391.48028591271486,-2068.3598973573235
57,ID057,A,2784.8751537424187,406.76658354917856,6325.712419450448
58,ID058,B,2429.5726560380167,425.49678900877615,4888.668317701539
59,ID059,B,2987.3484524907126,405.1093441325106,5967.781973586371
60,ID060,B,2365.7859583637605,413.8578580117966,4721.442078012764
61,ID061,B,2041.1398124786388,400.7805080167282,4090.426444903964
62,ID062,C,3002.764016892033,376.0705433372122,-2628.3768093430663
63,ID063,A,2852.8600666515545,394.6166297245972,6571.967101893368
64,ID064,A,2036.7058036933634,414.7008984745608,4033.678578235275
65,ID065,B,2290.779461651754,390.84443129512164,4564.066636267792
66,ID066,A,2769.38708633726,407.73167460158425,6244.28106463339
67,ID067,C,2902.6752517856617,411.74881898900054,-2494.240505883524
68,ID068,A,2889.5948179026004,399.72553352198025,6685.036888287787
69,ID069,A,2494.688155712409,383.0806237209366,5582.611842367507
70,ID070,A,2610.0237774802217,395.2783519806111,5844.920320509493
71,ID071,B,2701.093900212194,403.172968100466,5402.810550442629
72,ID072,C,2737.955106965945,415.5728255760461,-2314.3414137293194
73,ID073,A,2054.328033306501,399.01706657100897,4176.763566200612
74,ID074,A,2574.6292512367163,399.68340729764697,5730.347717095427
75,ID075,A,2491.5709505500568,383.820630607104,5563.919145191397
76,ID076,C,2710.977006324232,402.28569583326,-2327.1708627961325
77,ID077,C,2631.8992881532845,397.86954395149877,-2251.4839824662786
78,ID078,C,2192.4083394358872,402.56008086546876,-1790.5635023900227
79,ID079,C,2468.976394679365,378.7513997280362,-2107.796610454641
80,ID080,C,2709.522679014377,421.24794890193823,-2290.9075869074954
81,ID081,A,2293.476181490778,374.47967293815054,4997.591311877281
82,ID082,B,2598.8253221840323,404.74762468878595,5192.825019541541
83,ID083,B,2916.754996088494,389.90684023255426,5831.647197074134
84,ID084,A,2731.3395170696213,392.7110168729103,6231.0047869652535
85,ID085,B,1901.594403328349,394.14687762643484,3807.973827530021
86,ID086,C,2655.0721550124076,389.95387081067196,-2272.897247221558
87,ID087,C,2252.0584772980283,375.284558183636,-1878.3352770935428
88,ID088,A,2321.471264130776,414.38433187218635,4895.528672953353
89,ID089,B,2214.697782593763,373.53843291515034,4442.409796339842
90,ID090,C,2863.9184221026485,398.4960569212803,-2464.470707735977
91,ID091,C,2414.3378953244164,397.2907659136996,-2022.9938834321274
92,ID092,B,2382.232889246092,421.6495413428034,4762.110139797932
93,ID093,A,2153.303410286847,371.3674673154072,4613.7571611101985
94,ID094,C,2547.033326725781,374.0588326366596,-2158.672417009123
95,ID095,C,2928.8370091611646,368.2607976661969,-2566.6720994564193
96,ID096,B,2082.0275262735236,419.66503763209494,4166.148530311577
97,ID097,B,1794.3151067287627,396.399370546051,3588.1619262391223
98,ID098,A,2991.2323558886737,409.700433082092,6940.16196305432
99,ID099,B,2402.4289912502377,396.309255877197,4790.398426543727
100,ID100,B,2279.2845388141645,405.06474661410294,4576.324135641967
101,ID101,A,2566.5997385986952,393.9763120974215,5732.990650253346
102,ID102,B,2556.6233078076675,393.6914006368337,5130.061737461166
103,ID103,C,3005.916510144988,405.4598331413344,-2594.853875557909
104,ID104,A,2914.118855363222,409.3017312502988,6680.588405943341
105,ID105,A,3100.668845047549,403.96356952015674,7296.215635081011
106,ID106,B,2414.4312838121964,398.90570568710683,4828.252074314873
107,ID107,B,2635.4734455942316,401.5552342271297,5263.926955894607
108,ID108,A,2851.7437416669636,404.4949176034345,6533.8652439562675
109,ID109,C,2133.4321177582087,388.4400190680744,-1751.0215681698528
110,ID110,B,2380.6854946279745,382.00361765430165,4772.240604369599
111,ID111,A,2596.0640593561484,417.5920302493142,5677.808898931116
112,ID112,B,2939.956671475836,396.41395034407634,5879.802872267314
113,ID113,A,2174.277903413183,379.77590401765406,4619.495737042639
114,ID114,C,2940.089956325113,416.8821698335996,-2517.978202117479
115,ID115,B,2845.5528890524547,404.1786989643739,5684.30393746012
116,ID116,A,2628.0593782145584,395.5071539355503,5926.054648567491
117,ID117,C,2727.413555649075,410.8667794713764,-2313.707258045113
118,ID118,C,3045.2399944139056,395.0794356023157,-2654.7271897520914
119,ID119,A,1814.6421027763424,389.01081869590894,3502.6802748750356
120,ID120,B,2044.8128210397845,395.42464182604874,4090.3371706827193
121,ID121,B,2609.6186180848513,410.87733860827353,5216.333158145776
122,ID122,C,2868.857154410723,416.3275329545445,-2450.868582019947
123,ID123,A,2555.3802799263517,376.26060339895423,5801.226361500745
124,ID124,A,2295.040442017749,404.2237322365866,4849.7172948746465
125,ID125,A,2624.9359589889223,430.56696528757203,5709.047076876278
126,ID126,A,2083.4562005704674,409.0614892198937,4197.879111944473
127,ID127,A,2280.152260834518,410.09277129024935,4792.248820909029
128,ID128,C,2822.9887139770926,395.25973697782393,-2415.611817509968
129,ID129,A,2324.234632160815,381.3750444493819,5048.240212906655
130,ID130,B,1987.5542978119645,398.9441697756926,3957.962934275315
131,ID131,B,2411.1435992352767,406.4927086924337,4840.888854609476
132,ID132,C,2985.77530624294,396.737810344179,-2585.757918802791
133,ID133,B,2575.353278930563,396.37568266947227,5138.819090961854
134,ID134,C,2433.3768360071485,380.67917937117244,-2025.3697800620614
135,ID135,C,2656.890756217412,401.5561670841094,-2252.667360521787
136,ID136,B,1877.531052452483,426.0750297246385,3756.971733386036
137,ID137,C,2851.3992473723565,409.5031254010293,-2438.9068994639674
138,ID138,B,1908.4716191962325,410.38837322889975,3834.3762011385943
139,ID139,C,2293.3241799200105,402.7297740734587,-1868.2660755554668
140,ID140,C,2822.142095409105,384.4850240703077,-2429.5513290681833
141,ID141,C,2933.1184844561326,427.6821511453365,-2520.929566457562
142,ID142,C,2375.61225835465,387.685920527273,-1979.9604112355476
143,ID143,C,2636.6171394639005,376.85125092082404,-2269.3017240874424
144,ID144,B,2555.8220727947487,392.96595667401766,5113.769565639607
145,ID145,C,1868.0124359512781,376.1595597718085,-1494.794555859342
146,ID146,C,2364.6973418349303,396.7973791083581,-1969.5621186227493
147,ID147,A,2290.055482668873,366.6319076671293,5031.234570261741
148,ID148,B,2839.0527508540777,403.6260193172267,5675.685537509577
149,ID149,A,2332.052193235185,417.2755874777684,4888.9737495925265
150,ID150,C,2670.478348908335,396.3660921839902,-2275.5171690813063
151,ID151,C,2090.9379914659635,410.64107436874895,-1692.2093002916251
152,ID152,A,2270.1735618963685,392.86786772090704,4861.234634065093
153,ID153,B,2546.843366999987,407.1453493731454,5112.432606615468
154,ID154,B,2119.3982652214136,398.76957652378803,4259.777267286807
155,ID155,C,2952.903368445351,405.1632438411016,-2550.3088062500233
156,ID156,B,2939.2021234689123,380.2680176225057,5855.118160896497
157,ID157,A,2529.844961713112,405.8903252215943,5551.802447652741
158,ID158,B,2510.215296695753,379.0447240231065,5019.630122936245
159,ID159,B,2333.3478305215053,406.5381478223005,4678.081607809311
160,ID160,A,2483.629521409482,400.98654418054616,5446.181221395599
161,ID161,C,2366.3129500144073,382.4424713334741,-1989.7701893855035
162,ID162,A,2400.153360396256,386.4440881457155,5255.8050018419035
163,ID163,C,2593.396439723057,416.9544599236185,-2183.5077177967796
164,ID164,A,2520.9570990208435,386.11611756526264,5635.674991587893
165,ID165,C,2643.587085197949,396.9108384905742,-2248.078077668714
166,ID166,B,2220.9270462870727,403.36494208370846,4430.854582379175
167,ID167,B,2349.3309983325967,368.85983175106037,4694.6322849067155
168,ID168,A,2523.683618426351,389.7284180318924,5617.095157513857
169,ID169,A,2468.173123668797,407.68308613974125,5364.539771394786
170,ID170,B,2454.7791774621933,390.850909081945,4895.521499046765
171,ID171,C,2396.297196485098,409.75559558227496,-1970.6959380525968
172,ID172,A,2963.558901656609,390.5871898265697,6927.4774638641775
173,ID173,B,2615.8002258547335,407.80819252371066,5223.975103310386
174,ID174,C,2693.79648386892,408.3685991957145,-2297.307250566737
175,ID175,A,2182.7040744029778,404.7147858983636,4512.549316406411
176,ID176,C,1985.1013258409498,407.99512888680437,-1586.6955355122443
177,ID177,B,2837.1528640493866,385.2790988247385,5674.391771411032
178,ID178,A,2682.6460718033654,364.2787837943915,6232.70138789562
179,ID179,C,2478.718922669587,410.29441542073033,-2078.505564565349
180,ID180,A,2718.248857611624,415.60523853159305,6070.323689009637
181,ID181,C,3209.3161601601028,416.17574452797794,-2770.954868910298
182,ID182,B,2639.852879254608,382.32258182135286,5287.751828119363
183,ID183,C,2747.18584886711,378.23025354655545,-2367.911875750861
184,ID184,A,1741.6295237031018,410.59198638549833,3178.6405299004437
185,ID185,B,2963.8289077106865,409.8181042631875,5919.390268743257
186,ID186,A,2367.2099249565604,407.3167762060244,5058.064575433286
187,ID187,A,2667.104160375251,414.6706047242525,5931.710656450204
188,ID188,B,2274.0310510835034,393.97605417106433,4555.361640941998
189,ID189,C,2121.0932185999095,389.4059953824175,-1719.5614672362742
190,ID190,B,2480.6335109881074,396.159744403633,4939.470054589466
191,ID191,A,2513.5169418527958,404.15601376909285,5540.283468337006
192,ID192,A,2484.4365100877335,387.278806236676,5519.483278852152
193,ID193,B,2460.145182166558,417.0905588902304,4931.880662216232
194,ID194,A,2436.1241739889456,395.12351560495046,5334.140140619332
195,ID195,C,2737.0402688450054,395.147307398533,-2342.124295128332
196,ID196,A,2383.3143474768412,361.41061323426027,5352.561372226633
197,ID197,A,2953.6237742222193,407.7944070796986,6816.247986711667
198,ID198,C,1928.4019266371058,394.21454391792076,-1543.2361816874484
199,ID199,A,2821.013180376901,379.6570455658907,6577.682873333158
200,ID200,B,2589.3525985386914,448.36768111778923,5183.198972019797
201,ID201,B,2374.118595917568,404.98302455654357,4749.576988133645
202,ID202,B,1892.4593953711249,393.1255553060385,3795.2909791803886
203,ID203,B,2137.6140252424148,409.8283401723593,4273.967127738377
204,ID204,C,2118.9616852438917,391.2215277400636,-1734.2078034289452
205,ID205,B,2909.945081468472,376.0725470532951,5812.257259656376
206,ID206,B,2989.4897710180335,409.1947720622751,5992.329068938855
207,ID207,A,2390.031117620738,426.5734772351423,5044.655261486358
208,ID208,C,2060.989703991907,398.23695759109467,-1642.5163917007924
209,ID209,C,2252.583373281305,389.2526555414495,-1859.5349783424494
210,ID210,C,2368.465649744674,410.97578514368416,-1971.1854149500057
211,ID211,A,2522.167530824714,397.9804547339626,5562.776655945868
212,ID212,C,2674.3083769837986,420.0873896014943,-2261.6494720425476
213,ID213,A,3032.9700949335597,412.40667098752476,7033.519693074222
214,ID214,A,2955.1097514450385,384.54785626761577,6935.492239010427
215,ID215,C,2875.7052071131006,388.821545729503,-2496.3206392953284
216,ID216,A,2005.7254960645125,407.1184097606331,4002.039844214198
217,ID217,A,2050.436857014162,420.40192886153363,4049.7554347121236
218,ID218,C,2749.146063729904,394.98688240493715,-2360.0297962694485
219,ID219,C,2211.2597655219315,410.16098642343684,-1824.3882781507048
220,ID220,C,2570.994254556349,387.2116806299711,-2195.8729426122923
221,ID221,A,2465.233144849286,364.07705260439803,5596.030416606766
222,ID222,C,2989.1695021135656,437.44253317144387,-2547.7647741836468
223,ID223,C,2397.140984332222,430.50854851930757,-1971.127442449013
224,ID224,A,2648.9012641589716,411.6817030534266,5884.685788132643
225,ID225,A,2394.064521743138,397.889828569814,5214.947986048378
226,ID226,C,2724.47336274972,406.07635853659093,-2327.7856277896744
227,ID227,C,1816.2284281097354,385.5638778121168,-1433.3965359597714
228,ID228,C,3133.904436164756,424.02030656558134,-2703.6206602098973
229,ID229,B,2830.226132672183,396.93857174400705,5656.831134692873
230,ID230,C,2309.956856281778,391.4442502099668,-1907.1786489292479
231,ID231,B,2766.0004782903247,415.12053764504515,5535.384992826828
232,ID232,A,1746.6948867331748,389.54710266829227,3284.8311370320757
233,ID233,C,2406.41232747944,417.8801800535829,-1999.4164044645725
234,ID234,C,2750.444246420503,407.1909676018892,-2333.938509481379
235,ID235,C,2037.1107153869632,397.73393380871255,-1641.6061504316854
236,ID236,B,2347.2379251737516,406.04630621184293,4667.326845609359
237,ID237,A,2191.154781800233,393.25119504755355,4602.178659517175
238,ID238,B,2665.5144356509627,399.54738336970263,5331.108286316085
239,ID239,A,2654.276738319601,420.44042481774625,5863.5396090003505
240,ID240,B,2735.7070517384086,394.280675123657,5467.917947125298
241,ID241,A,2591.7993355165127,406.74421242934125,5744.159075549712
242,ID242,B,2555.9719390239516,399.42779919600105,5092.233670785777
243,ID243,C,2748.4611615380386,410.0297539229785,-2347.2130607850872
244,ID244,C,2421.511783573936,401.47406263341304,-2030.2759142413395
245,ID245,A,2676.0674690511273,390.99940942282,6067.816842577981
246,ID246,B,2373.109051347473,386.48388636816406,4753.303609991187
247,ID247,C,2161.229649379315,380.27271542529036,-1779.8165702873969
248,ID248,B,3082.148813634332,396.1406504682893,6180.55863930132
249,ID249,B,2910.7418756995276,367.9531273188287,5812.965583453691
250,ID250,C,2815.106432269023,379.8320542118759,-2431.384370778587
251,ID251,A,2421.7209084409983,426.93335834137747,5114.193609096891
252,ID252,C,2376.0129410435534,360.5934500203845,-2000.596204011461
253,ID253,A,2233.692786563142,388.93227959819865,4764.604026565652
254,ID254,A,2514.927187658159,392.1716696257151,5569.225699884003
255,ID255,A,2569.2006105421156,423.28795950845836,5602.731606121531
256,ID256,B,2757.700682390731,377.468745670651,5493.624066136483
257,ID257,C,2579.8158699973424,404.6310525870322,-2186.0053924044196
258,ID258,C,2561.0900621049336,393.7294256538846,-2173.0236700693113
259,ID259,A,2783.504217862256,399.4599531347881,6354.393257174545
260,ID260,C,2567.9645423966217,394.5015356102152,-2160.485991169731
261,ID261,B,2651.447866429208,383.67931928704036,5281.4027114742485
262,ID262,A,2624.226109527095,412.7301532895919,5786.805445234392
263,ID263,A,2603.2283618222195,408.838666525664,5774.846378587468
264,ID264,A,2798.8194866869253,407.6028810969034,6335.987941104557
265,ID265,A,2980.600119130144,403.4018232778077,6931.874058364987
266,ID266,A,2173.166940724279,410.80069330304144,4467.8497675533945
267,ID267,A,2390.4072663933975,393.95660608287443,5209.059381826629
268,ID268,C,2100.7562481946766,402.050643437405,-1697.1902079936224
269,ID269,C,2492.388630801747,410.7849476435416,-2095.2891197915
270,ID270,B,1900.2184132442349,418.9243237694438,3792.774368161602
271,ID271,A,2564.646019260756,391.9498808698502,5715.590072031457
272,ID272,C,2192.053338366278,371.80873616258685,-1826.2523871749136
273,ID273,B,2334.289852779398,394.6369093713961,4666.41569450149
274,ID274,B,2668.1356972714834,395.55145712131105,5329.708835889772
275,ID275,C,2614.1930548758446,385.40420775004264,-2224.3364478550766
276,ID276,B,1918.0095126835838,415.0822919673031,3814.9916365662193
277,ID277,C,2239.237233753841,378.7703684695051,-1867.063806358465
278,ID278,A,2144.8088770712156,405.1447620945256,4399.734983387674
279,ID279,B,2379.2458855813798,388.54251294453854,4773.197062292497
280,ID280,B,2141.122801098763,373.9270278156505,4305.2815436561
281,ID281,C,2334.8735329794436,405.52932666532575,-1923.9800415588766
282,ID282,C,2832.316442840698,415.52598213966303,-2398.5188071253615
283,ID283,A,2219.2994626875006,405.25325767442257,4644.02462824423
284,ID284,B,2416.225755422816,364.59082701725464,4830.430634880398
285,ID285,B,2641.411993691487,429.78864445368663,5290.3243195790055
286,ID286,A,2688.691935077025,386.1035022165317,6123.964743659959
287,ID287,B,2562.8674535104,405.77613797212763,5125.865720050931
288,ID288,B,2643.681202207213,396.5885824474158,5276.64211781541
289,ID289,C,2835.525956029528,436.20414364059116,-2405.115228809842
290,ID290,B,2363.45113670015,402.1221443552941,4743.186181596385
291,ID291,A,3085.284482354218,394.14663509220725,7271.192356956724
292,ID292,B,2316.1476084010715,373.5072305444005,4624.943842782867
293,ID293,A,2998.6671536707586,396.48306553115214,7008.424971477076
294,ID294,C,2712.2303061031544,360.08101783883325,-2357.3892767250213
295,ID295,B,2510.2441959202492,403.98587579762403,5014.934317339405
296,ID296,C,1903.784344416974,414.0507526415229,-1480.7429612895146
297,ID297,A,2306.7230601563824,380.6165253072639,5030.362786795071
298,ID298,C,2679.8084428089674,400.93321871693814,-2267.2473413658245
299,ID299,B,2292.0443126314244,400.22721574330666,4562.371311968795
300,ID300,A,2870.9557187842042,416.1872751483892,6530.617597905679
301,ID301,A,2541.2935381426637,379.8964451949964,5739.742665941756
302,ID302,B,2752.9652410756603,400.2561110003829,5502.037642607752
303,ID303,A,2602.720262674701,403.83854220932665,5798.186850285511
304,ID304,B,2467.239221415352,387.2170412617223,4944.632032636843
305,ID305,A,2258.87519338951,424.28970718932254,4654.395296523146
306,ID306,B,2836.79645205389,409.1879394156524,5678.266619248642
307,ID307,C,2448.067940156738,412.04417798867433,-2043.4598124859297
308,ID308,C,2721.166790484393,384.9595264395806,-2341.475378116799
309,ID309,A,2415.7478170122445,398.29707011689595,5248.0193356607615
310,ID310,B,2022.775554639319,408.61931354629974,4053.9916084832084
311,ID311,B,2548.896975588618,399.1515982597365,5117.347837788226
312,ID312,B,2735.6767024106307,395.90065421763506,5478.513081619065
313,ID313,A,2327.1314117603824,371.3526878282093,5115.763744782044
314,ID314,A,2457.2365243133418,394.34247486814655,5401.735714852262
315,ID315,C,3172.0388928096568,407.1030109776139,-2763.1443291435617
316,ID316,C,3146.6158361721145,401.223323019613,-2751.240763000444
317,ID317,B,2508.383194516021,396.3979562619618,5015.843689584961
318,ID318,C,2666.953511700153,395.50011082903774,-2250.177642827623
319,ID319,A,2674.849331537374,420.46741280863495,5920.007993145066
320,ID320,A,3271.959018533953,421.6015026295638,7715.08728451285
321,ID321,B,2629.4626026472756,421.01656090906783,5256.074626966725
322,ID322,A,2210.1910659604814,390.46680540763145,4658.828543853992
323,ID323,C,3085.94002480807,415.6010375864247,-2673.8738324394285
324,ID324,A,2970.055614856426,396.2578159386374,6915.702321803711
325,ID325,A,2178.596763538782,378.4101811388707,4648.375158762732
326,ID326,C,2872.1625445632712,405.06350790006684,-2465.468266656359
327,ID327,C,2202.34388851592,400.21432566303145,-1789.6053421037416
328,ID328,B,2079.355856980315,410.1244775052124,4164.091225328226
329,ID329,B,2251.529101875166,400.12758436160306,4511.26183624516
330,ID330,A,1938.5527241790255,369.7849421353019,3964.263964961051
331,ID331,B,2663.276755502025,393.74569342988644,5327.169438688401
332,ID332,B,2809.8666222114452,404.082923098978,5590.84351121586
333,ID333,C,2762.3778982727235,352.4203436516597,-2425.8476292163436
334,ID334,C,2287.208855185713,405.66820122301255,-1897.1467573608204
335,ID335,C,2456.88179511547,380.7108253244094,-2062.391048415946
336,ID336,B,2547.4288231269584,403.2823457140687,5084.654752516426
337,ID337,A,2860.0675141638576,402.9886094557671,6562.106374771481
338,ID338,C,2955.0572128344515,406.75642760088954,-2548.7851756434193
339,ID339,B,2854.481512078125,411.1857569472708,5700.298595046486
340,ID340,A,2436.6051632161034,380.4042450187715,5390.58870621878
341,ID341,A,2508.2409437602046,415.4200918535148,5448.798154101584
342,ID342,B,2304.2778542636856,381.1783752741281,4616.689163127452
343,ID343,B,2319.3144338998823,402.13104943414515,4641.791345450367
344,ID344,B,3030.0207553375108,419.4331608083356,6085.51061712399
345,ID345,B,2340.8460057242482,415.6869049934431,4710.775980545449
346,ID346,B,2603.1866876093504,388.88209338353056,5195.639210597321
347,ID347,C,2585.471928457868,401.4660713766183,-2195.505697747247
348,ID348,B,2270.7589732939355,407.7456206154022,4535.3927138832705
349,ID349,C,1721.8919679201713,388.73783083501434,-1320.2940095596718
350,ID350,C,2287.8451894632462,386.16076624279856,-1901.6934939444554
351,ID351,A,2449.5156368651533,391.47319340944364,5387.561412398381
352,ID352,C,2259.643861748863,403.8519590852323,-1852.077567856643
353,ID353,C,2069.3952268679554,391.02112182069,-1675.8241831778125
354,ID354,C,2640.456207947979,400.15277235352,-2259.7647333219616
355,ID355,B,2123.5420325329037,370.8313363894885,4237.574736902557
356,ID356,B,2543.6912330476925,413.1152195875279,5081.006721233421
357,ID357,C,2554.1533625711786,398.7071113241589,-2163.008330982984
358,ID358,C,2993.1253561830017,389.6937186055361,-2601.0785663738957
359,ID359,B,2647.2315342633983,400.8480399474285,5297.319009029381
360,ID360,C,1690.316538309131,394.26869473301497,-1294.0547195844017
361,ID361,A,1736.1229755356846,391.83314658370955,3273.344914151899
362,ID362,B,2847.5665440805537,388.6393455395424,5699.710250806131
363,ID363,C,2666.9853561631953,390.8708103178245,-2286.3221642823964
364,ID364,A,2584.864770489979,414.93127695558724,5692.399982526479
365,ID365,C,2590.1909680579533,418.3474396975466,-2165.2046029134717
366,ID366,A,2897.544870027786,394.3448861973883,6722.097532601189
367,ID367,A,2351.4655980008743,435.9805189462275,4879.757112947465
368,ID368,B,1831.4563181126491,388.5636065482,3682.864271835269
369,ID369,B,2195.0204093044326,390.743558596984,4401.920140632458
370,ID370,C,2687.7203852879907,405.78584965541205,-2284.256710049982
371,ID371,A,2468.57227673345,399.3023891157303,5384.759488952855
372,ID372,A,2380.992456546422,404.78066922173923,5114.744772014231
373,ID373,B,3020.3526585018726,413.934629041137,6035.73997455934
374,ID374,B,2169.790704445914,388.8602765286016,4326.733044954752
375,ID375,A,2590.43271301599,405.93422323780004,5728.379042616653
376,ID376,A,2260.647422862949,393.5165978265739,4830.348746915958
377,ID377,A,1996.5008560839092,392.41967957587417,3997.2346881350113
378,ID378,A,2844.8263986003794,393.9045301713807,6577.594884632968
379,ID379,C,2186.4601081019878,408.35809805236283,-1769.5602396726663
380,ID380,C,2475.8917715021503,413.90316368024713,-2106.3375413176427
381,ID381,C,3098.063741494586,410.9032074441394,-2681.1169009924197
382,ID382,C,2829.1957888208403,382.4021582468602,-2434.844631910672
383,ID383,C,2541.616612077933,400.0202627674457,-2135.609317567573
384,ID384,B,2249.3660079475617,426.32954651351207,4503.284421074659
385,ID385,C,2747.9760272133713,402.39813739112174,-2339.61454001251
386,ID386,C,2495.0252108119844,404.91329060589834,-2097.9784139397857
387,ID387,B,1997.2812117134883,393.96874437183897,3998.4984206178938
388,ID388,B,2051.0245037309915,412.55356905083,4105.296635951698
389,ID389,A,2303.3393319708516,404.91598232498137,4876.728404962863
390,ID390,B,2160.23464225324,395.41165573727073,4339.8082865403085
391,ID391,B,2301.3932152239845,372.9645757699385,4611.0702150347015
392,ID392,A,2056.895489777068,374.5887653727383,4311.222006138362
393,ID393,A,2292.275328227592,392.0907449153835,4923.205102776016
394,ID394,A,1563.9147154229827,423.653171845512,2575.7029568636945
395,ID395,C,2800.7098887769407,396.0212502130667,-2404.3319100579693
396,ID396,C,2192.7921542011013,415.4977658940833,-1774.273941271109
397,ID397,A,2404.842855510022,399.87198687361206,5209.310091192182
398,ID398,A,2410.163168112234,412.99769400081914,5168.804252451786
399,ID399,A,2928.679150585794,394.0229549327777,6811.2312840196755
400,ID400,C,2135.370731742798,417.76552889227105,-1713.6729675322708
401,ID401,A,2808.918405623484,401.0745546978621,6420.435438486651
402,ID402,C,2843.6050936596203,396.8153845804218,-2438.753948397363
403,ID403,C,2438.2607899475875,374.8361509267153,-2055.0662373189434
404,ID404,A,2595.1936523247546,423.58595787278256,5679.8632515986
405,ID405,B,3318.204071521758,388.2346662436377,6640.273379675894
406,ID406,C,2572.084910231216,379.6806988592685,-2177.891233625923
407,ID407,B,2581.087645735071,416.81349536473533,5156.438561779222
408,ID408,B,2467.0618665390084,417.19902671852014,4941.953594857993
409,ID409,A,2330.6139306620626,388.9709613208338,5048.175990499811
410,ID410,A,2520.754951500884,400.2831359677457,5556.777708590981
411,ID411,B,2815.772713585866,400.18099457617024,5638.149581086363
412,ID412,B,2244.1694609482115,388.7397797586086,4491.132206949946
413,ID413,C,3012.58781130583,371.43092638652183,-2645.4503727328433
414,ID414,A,2749.6028002174044,396.388318245329,6248.49177298151
415,ID415,C,2344.7735455292077,384.02974861568333,-1967.3409790557089
416,ID416,A,2680.868311764973,404.6616806795257,6006.926284952268
417,ID417,B,2288.0418304211903,396.2592418738693,4565.955638902599
418,ID418,B,2728.2464559720265,402.3459776791877,5448.709165748662
419,ID419,A,2454.9084384997736,400.31569977069177,5390.458311924554
420,ID420,A,2248.850141094237,393.4764133750489,4788.300100853601
421,ID421,B,3138.000949284706,405.1990968358331,6264.244447736573
422,ID422,C,2402.386507931886,389.4188220473368,-2003.6035404013608
423,ID423,C,2839.0335918655296,413.27602200697487,-2436.576632728972
424,ID424,B,2856.3030435822943,397.91008188815454,5700.951051544998
425,ID425,C,3030.2094413231503,394.7628934466288,-2628.992647549993
426,ID426,C,2375.358551958971,365.21033477317496,-2009.009538821709
427,ID427,C,2645.088851147256,391.1849735098888,-2262.4214185496066
428,ID428,C,2796.183313198917,406.3330005909587,-2396.593707201086
429,ID429,A,2449.9050496399345,382.1859149908602,5460.2311068942345
430,ID430,B,2703.9229295267673,405.4563912678539,5409.382401875216
431,ID431,A,2955.028007323141,379.6853529825646,6973.330349637658
432,ID432,A,2188.473563319714,416.21935572291204,4510.342810051503
433,ID433,A,2800.937655827138,410.94033999729373,6364.09554712789
434,ID434,C,1958.2577783995866,386.99429635072545,-1569.9345022213824
435,ID435,B,2256.0182517424564,389.49276389558077,4527.0400726485195
436,ID436,B,2621.089945499508,389.50069614123885,5249.568675176459
437,ID437,A,2682.669014971906,417.83904918893404,5958.8031368425945
438,ID438,B,3076.7960067528925,379.7535854031197,6160.35840522146
439,ID439,C,2513.00195490206,430.3474840383232,-2088.259310933451
440,ID440,C,2335.604451634311,379.05281322564707,-1961.7552148727432
441,ID441,C,2215.103462934178,379.2262277743323,-1824.7897115608696
442,ID442,A,2241.0870203161403,404.6908262657727,4690.11019415294
443,ID443,C,2623.114262899628,379.71959814996495,-2249.4701926815246
444,ID444,C,2105.8241478307946,380.01845572807133,-1739.5247428418086
445,ID445,B,2755.9304389478957,407.7596393473939,5525.883225471155
446,ID446,B,2378.967379632539,404.88111779417477,4738.340591271228
447,ID447,B,2961.638024224979,413.2800857200707,5926.273149277719
448,ID448,B,2535.699402005818,412.01414945906214,5078.6785580493915
449,ID449,C,2905.2539265713554,414.42222916104566,-2491.932572159024
450,ID450,A,3083.139465947042,411.9332592120627,7186.663386655843
451,ID451,A,2397.974866863012,400.06194405394456,5187.988759030649
452,ID452,A,2500.39474796546,412.73185797341466,5446.959415136614
453,ID453,B,2192.279279029697,385.02944834673525,4388.13141194038
454,ID454,B,2803.1647223750033,411.8109215046818,5601.321457876741
455,ID455,B,2671.2514189948633,394.0923526040632,5368.743364028916
456,ID456,C,2391.365805753965,415.8281919536682,-1981.5830053588834
457,ID457,B,1768.5126732395534,426.6143227741624,3523.6124201185066
458,ID458,A,2400.1419421333953,380.2360498882084,5302.552972628436
459,ID459,C,2592.445034354379,418.8354450031501,-2169.7753841220406
460,ID460,B,2300.137279677169,420.64399813586664,4596.762638353701
461,ID461,B,2931.5966520696084,407.33119107419856,5882.087652060637
462,ID462,C,1952.6596192073341,407.9291734775224,-1552.505072587845
463,ID463,C,2670.6379335895367,391.9479356409826,-2276.0172111103525
464,ID464,B,2695.1501837105616,405.9305434927638,5391.988536391853
465,ID465,A,2193.9867721599617,424.3727972229403,4463.301860322647
466,ID466,C,3204.1439862235034,407.38708990196665,-2813.562239686581
467,ID467,A,1871.1315046139266,419.4262922564315,3506.9414289892734
468,ID468,B,2319.942922486126,406.09573543445447,4641.795284471531
469,ID469,C,2273.655180872764,400.7828652928616,-1864.5988054269496
470,ID470,A,2295.2645732750443,405.5546025067264,4863.961081595993
471,ID471,B,2767.3474724846646,441.2546982992481,5538.859983673166
472,ID472,C,2558.5737989941226,363.0728962850531,-2206.5994707121204
473,ID473,C,2552.5645717088787,376.6903721888427,-2184.4501537210626
474,ID474,A,2403.550688022041,422.89866303465965,5104.512871710666
475,ID475,C,2313.4843739565545,406.0358259727257,-1930.5647397473945
476,ID476,C,2061.063926132538,389.50462106233783,-1677.4249897073748
477,ID477,B,2531.468989335967,406.083005916685,5037.79943798546
478,ID478,C,2517.8858566191666,394.24172338978127,-2137.42247002396
479,ID479,C,2018.8831604629659,377.84903274390956,-1632.6114428471376
480,ID480,B,2269.431744828977,406.6672924280805,4544.634789982932
481,ID481,C,2503.102102773528,389.1556638450085,-2110.9024860880027
482,ID482,A,2477.833685935991,424.250769430024,5328.087254872333
483,ID483,B,2058.3823526720503,416.9264431859866,4140.158905618839
484,ID484,A,3218.2502156179667,401.0851696447981,7648.666944192312
485,ID485,B,2250.0927208403496,382.03213382853437,4493.09363938101
486,ID486,B,2728.5227575186964,387.802999330328,5460.824354190682
487,ID487,A,2250.3962138449583,420.9533180736939,4653.5721726754755
488,ID488,B,2183.525758627054,404.6895675196707,4361.815003449701
489,ID489,B,2216.715326223866,392.289154453791,4457.7174945600445
490,ID490,C,2402.4165112346036,393.6719180519904,-2011.0164215345062
491,ID491,B,2824.7038432237982,400.2600253078737,5640.612053646037
492,ID492,B,2466.626520590097,396.1615563029154,4934.43747977367
493,ID493,B,2232.721557872494,393.3154383029395,4451.987295751051
494,ID494,C,2122.6479003918766,407.383317628447,-1715.373696187574
495,ID495,A,2784.9214964846124,343.0710321108647,6630.218142129687
496,ID496,C,2498.6615805285396,398.97879423406636,-2107.3734413951306
497,ID497,B,2593.219015216892,422.5300928807406,5169.388476673871
498,ID498,A,2718.2980745613345,428.6956144858855,6006.999130162248
499,ID499,B,2412.221090358589,390.9775714171662,4813.730388663287
500,ID500,A,2466.032867977568,414.7339068068769,5315.882302622935
501,ID501,C,2949.0006965850534,386.41680800713544,-2556.196999734401
502,ID502,C,2576.5890562421264,407.559213942477,-2148.848843841582
503,ID503,C,2327.3076063055464,387.8475631068299,-1951.7434947874606
504,ID504,A,2016.1817400442137,388.0232298171522,4099.16405499806
505,ID505,C,2400.7640938923764,404.3897941182371,-1990.0128731699258
506,ID506,C,2451.520839517246,380.3379324645365,-2072.0248188123796
507,ID507,A,2379.1172394576083,409.24476481212895,5102.709243826408
508,ID508,C,2867.527983326654,393.55050581165233,-2473.1285580741733
509,ID509,A,2739.8147748390497,385.0944778582084,6293.608915569865
510,ID510,C,2476.9094924567235,405.03063280065106,-2064.537115168235
511,ID511,A,2671.237729519157,407.5296065072307,5974.404883163961
512,ID512,C,2261.0591323493763,392.97688160480385,-1869.4821426456376
513,ID513,B,2388.227600814506,424.44530565469296,4756.500068309822
514,ID514,C,2146.5717815882163,402.15380439548863,-1736.3311029336467
515,ID515,A,2710.5965643303407,412.76251073893576,6086.600823618884
516,ID516,C,2139.8464186698943,407.2673433863935,-1740.5194937918689
517,ID517,C,2557.640303909225,400.9784357448734,-2153.3938818935067
518,ID518,B,2662.4182371323927,392.22905787643805,5326.848686166518
519,ID519,B,2993.7707621616946,373.21527305239516,5980.647336163626
520,ID520,A,2155.9551100618974,422.46830330916015,4328.843027619379
521,ID521,C,2988.194809226078,397.12558397837904,-2589.2574884379615
522,ID522,B,2530.2247729387223,374.62481488666685,5057.441363265129
523,ID523,C,2717.665762245609,370.9773165427766,-2334.6059925205686
524,ID524,C,2122.4665520318163,405.57749796233554,-1737.2712476498687
525,ID525,B,2705.8360079973045,422.2893254058569,5395.645068494539
526,ID526,A,3100.273095871203,427.0098685352706,7194.418053344681
527,ID527,A,2594.683740896505,379.67281132046645,5874.854532131058
528,ID528,B,2298.2253196554248,392.20121324702046,4599.540192720032
529,ID529,A,2461.139191758681,414.50850808040315,5309.669640256755
530,ID530,A,2739.293509769358,383.0544167473631,6305.029251114241
531,ID531,C,2559.868158637521,409.2331279424874,-2166.284892553395
532,ID532,A,2096.1993912181033,389.1670636331877,4342.894461938923
533,ID533,A,2039.8196759824168,396.7281358989096,4127.8080990063345
534,ID534,B,2632.573457144522,395.07730372895065,5264.2679904662145
535,ID535,B,2830.794126201992,399.20269160410567,5654.415263992953
536,ID536,C,2393.9884369138313,384.4206698755045,-1999.995984253827
537,ID537,B,2633.784764573979,400.86346171002964,5252.325427827169
538,ID538,A,2043.3531596093035,411.2686220230313,4064.1379736092267
539,ID539,B,3023.348228813304,380.2998884316061,6039.700124115474
540,ID540,B,2473.0624336951896,384.9234028879691,4933.854875737961
541,ID541,A,2924.960480775066,407.2034438661304,6756.083888374741
542,ID542,C,2182.1565649444215,432.0879635387128,-1747.2328249073942
543,ID543,A,1775.2627046476173,405.8359858417718,3302.579297046713
544,ID544,B,2190.532778186735,396.0959179251584,4392.306991600036
545,ID545,B,2500.2318784617064,385.64816082435317,5015.484939211853
546,ID546,C,2490.4932150245963,393.9138241357948,-2064.63044750577
547,ID547,C,2748.0545333401465,427.4336573518606,-2340.4034860968477
548,ID548,B,2298.1510063555916,404.1457826631478,4606.005992664104
549,ID549,C,2575.775428476206,390.9658819598078,-2201.7673762904415
550,ID550,C,2273.7336945927314,401.7646100189458,-1889.4347274049135
551,ID551,B,2305.4469096924,380.5783732570174,4613.2623230583085
552,ID552,C,2132.0573899154974,418.08450866319544,-1728.497280880126
553,ID553,A,2233.5974420289676,394.04059655664196,4703.9184683251315
554,ID554,B,2549.7626992418027,406.0467822552794,5078.2909656002075
555,ID555,A,2445.2946668842983,390.88748088478815,5342.798117698985
556,ID556,B,2274.8916410703514,388.0553504765057,4544.344488881652
557,ID557,B,2302.208629743323,389.45520819731144,4615.655639441068
558,ID558,A,2574.910442529817,392.0575827666015,5777.346323094101
559,ID559,A,2052.618147709685,423.3254031570859,4035.7550842639735
560,ID560,A,2291.7726970284475,374.95399947563675,5010.324914324165
561,ID561,A,2581.004393145174,396.638194020853,5774.675008173048
562,ID562,C,2751.5864931973942,392.99142351172657,-2366.39485677339
563,ID563,C,2387.617301980305,399.26191807376205,-1981.9830460984588
564,ID564,A,2500.021710656628,396.753404349593,5531.261144923879
565,ID565,A,1837.501549756494,388.22517981902973,3553.7596895448514
566,ID566,B,2339.672863646374,412.14775950335076,4671.8991810418265
567,ID567,B,2410.9293308008514,387.3757134211972,4812.187709858576
568,ID568,C,2496.6735181473496,410.6170334450502,-2102.837848085396
569,ID569,A,1937.87713253342,395.720901842201,3828.559393349754
570,ID570,B,2740.187900620673,405.77611721344493,5508.774141366601
571,ID571,C,1964.5093414957335,411.90490667116785,-1570.0122013938908
572,ID572,B,2963.1758481971287,365.3699665219569,5923.193805375826
573,ID573,B,2602.5869280014363,384.6216731155115,5206.807555267055
574,ID574,C,2877.2329798258256,375.7814454696593,-2489.619263328588
575,ID575,A,2389.7926574510593,421.83999380436126,5067.201212768746
576,ID576,A,2627.8664007665825,408.34432764366176,5825.540469257277
577,ID577,B,2038.5213822456403,412.86658878802086,4072.398451947686
578,ID578,A,2623.1142040122013,417.7658529945616,5791.738807481461
579,ID579,A,2265.843811976796,371.3875717927331,4930.944093914681
580,ID580,B,2189.1761831477993,401.3714746607911,4392.305616654239
581,ID581,B,2298.0488740919795,416.93338263525106,4605.040462335707
582,ID582,C,2455.993569256283,409.92716548492456,-2040.9601711496139
583,ID583,C,2106.937707393679,400.2016727717365,-1709.6508428125564
584,ID584,B,2252.924002867176,412.2024726077799,4495.2647168112435
585,ID585,C,2041.1456622837975,402.2440520840306,-1645.6000695764064
586,ID586,A,2491.601187500338,409.0259813657845,5421.210080845647
587,ID587,C,2121.4455748252167,412.14713649355286,-1686.672536988234
588,ID588,C,2338.160772821655,393.3077516558304,-1942.3521296910958
589,ID589,C,2971.1192602367505,412.6129175512549,-2543.506498669606
590,ID590,C,2894.584769172956,378.9843924999819,-2524.7234983291614
591,ID591,C,2925.1205600820913,400.80303581246403,-2522.4311866427383
592,ID592,C,2669.4075954857963,391.70057981313255,-2253.605789899589
593,ID593,B,2371.6326325986433,412.27199628208575,4749.334408026621
594,ID594,C,2794.095617516226,377.604050328085,-2416.2053946276383
595,ID595,A,2730.932818883882,389.83737841463477,6226.479846539672
596,ID596,C,2425.687832674631,404.28012396856326,-2005.5983938478673
597,ID597,C,2655.8550173389053,396.58842213698205,-2238.867449048841
598,ID598,A,2426.105493100534,441.9449112652315,5067.840287433319
599,ID599,A,2224.0065726424114,402.4604333037958,4676.28545566769
600,ID600,B,2669.780296260772,425.01400488563456,5329.79084092249
601,ID601,A,2854.4819979415643,418.53276017179206,6451.359802215875
602,ID602,A,2599.975193237892,386.70623384664293,5891.097701348729
603,ID603,C,2701.482406895257,400.5416679478795,-2307.758905836386
604,ID604,C,2733.772698278083,388.32385415679954,-2333.403218224656
605,ID605,A,2785.8359164009757,396.67032182674234,6369.137273412754
606,ID606,B,2626.1087312139066,425.10278395337036,5240.525514372054
607,ID607,B,2993.6817481533085,389.64661389278706,5987.82299282823
608,ID608,B,2490.3726249261545,407.3617295010472,4962.322066804376
609,ID609,B,2521.9300678277277,369.64436380517037,5045.2887630786045
610,ID610,B,2161.489954179862,412.4436876872431,4341.484310654853
611,ID611,C,2712.7825111060247,385.5394521560314,-2331.6945944797444
612,ID612,C,2319.71880811678,403.52717028281256,-1911.7551252235833
613,ID613,B,2458.7288764772898,393.88998708807554,4926.163598666282
614,ID614,B,2411.488912675029,392.6915934531601,4833.674688497654
615,ID615,B,2464.5126317622667,385.85098677449696,4926.024936622691
616,ID616,B,2479.334851148775,377.1082571399361,4973.173398611037
617,ID617,A,2271.6783043330097,378.78418613574706,4914.098503113912
618,ID618,B,2135.972414137177,423.05751454255045,4276.168453642872
619,ID619,C,2296.1675096180306,382.82631003350787,-1906.039001338068
620,ID620,B,2615.638130662998,364.59228370248906,5239.253064470711
621,ID621,A,2451.1304569814233,383.18303974282156,5444.643995687815
622,ID622,B,2772.661160076924,417.8302392541097,5555.938017396474
623,ID623,C,2730.8935299094283,430.77040647776295,-2313.063252714128
624,ID624,C,2970.5342196558026,416.4145559267624,-2548.835567097478
625,ID625,B,2151.1169497050755,406.84343489396565,4307.262126907038
626,ID626,B,2261.589702018881,408.84118287721157,4524.353297842939
627,ID627,C,3095.7477853475466,409.2717910598194,-2668.3459195814994
628,ID628,C,2156.061451226909,408.3815963237537,-1739.3149575994578
629,ID629,A,2837.941026940002,399.1816856846694,6504.281073653135
630,ID630,C,1524.1281325748018,394.79312937598326,-1143.9294848192108
631,ID631,C,2355.7213580455855,390.03959289736747,-1961.7347756027568
632,ID632,C,2444.4009860153324,400.75929947646813,-2024.473134343209
633,ID633,A,2493.825673719907,427.4336466168896,5340.31158891447
634,ID634,A,2015.5005870411062,401.6962030814856,4031.1879206511794
635,ID635,C,2804.482532616105,400.74380908568105,-2401.845822359939
636,ID636,C,2802.9380013230375,403.394335117725,-2386.005267248283
637,ID637,C,2885.5279063256294,373.62575413137876,-2506.7039614293835
638,ID638,B,2342.017353000881,422.0094225450456,4669.810223025209
639,ID639,C,2382.534199175952,378.46623626767723,-2027.4367890491253
640,ID640,B,2329.08366416637,411.71844424755415,4644.981936063811
641,ID641,B,2387.422281991502,387.42044096658145,4778.251147509863
642,ID642,C,3037.0623050628556,394.5324487068429,-2654.1285853228824
643,ID643,A,2888.524645837218,376.1908087042068,6789.649480043203
644,ID644,B,2513.2453036059283,395.61692368094367,5033.969085213716
645,ID645,C,2467.6043754973743,392.847944114227,-2065.000929682445
646,ID646,B,2764.9410892238047,398.23513639442575,5534.831492106794
647,ID647,C,2251.6163649522246,385.81125736811794,-1852.7485671454804
648,ID648,B,1997.7024559938143,384.8100635898802,3982.965999172223
649,ID649,B,2550.206566593863,404.54162729991657,5112.246851759167
650,ID650,A,2673.6077033044885,382.43477354114725,6119.71340523578
651,ID651,C,2457.9682021364433,442.5620795616022,-2010.967897810521
652,ID652,C,2443.963898837622,408.6125569609234,-2055.927989750337
653,ID653,C,2732.247184358527,389.81174795244,-2340.648882627724
654,ID654,A,2673.2892264077605,386.1599991232386,6087.474526108095
655,ID655,C,2279.0942965153927,390.745760208985,-1874.80603676427
656,ID656,A,2282.476359388078,379.9629406004869,4940.312667438839
657,ID657,A,2688.184335122469,377.0039624887154,6180.4653256101565
658,ID658,A,2755.4327025596144,382.3668398221906,6356.478976705906
659,ID659,C,2337.341446929976,415.0145058321945,-1923.1292334623213
660,ID660,A,2486.9434203817173,411.4654656551232,5405.977619456064
661,ID661,B,3089.4668949710585,434.8828606447207,6184.294047275584
662,ID662,B,2221.631819367318,422.8803861560813,4427.078353268657
663,ID663,B,2444.334554417644,400.3269003466034,4896.713009547548
664,ID664,B,2724.063131769648,369.527008719491,5441.499690951887
665,ID665,B,2753.7302921277183,408.13598840461077,5495.810836757636
666,ID666,C,2407.3229382531877,416.7477625134228,-2000.7981162993242
667,ID667,C,2226.7439762846784,401.8309304156072,-1806.3026876144322
668,ID668,B,2935.1697553277227,406.833109326646,5880.2060891625315
669,ID669,B,2326.642825853591,405.0082435578894,4649.61133167688
670,ID670,B,2902.1419318815406,396.06162716918874,5824.764155527145
671,ID671,A,2773.451721986388,391.3167248678011,6349.593289897588
672,ID672,A,2728.093582172281,404.67179779430296,6165.137106442002
673,ID673,C,2725.9012240773513,418.9471673473286,-2289.706782308551
674,ID674,B,2507.8396706944764,409.94616603027276,5009.141425363854
675,ID675,B,2181.914904214507,403.1029261462619,4345.59649724072
676,ID676,A,2014.7765370816528,413.52641043316675,3981.5430405784373
677,ID677,B,2857.4613107375667,373.4585801085627,5714.711098520794
678,ID678,B,2091.3449348088766,410.8373064332989,4177.372500326882
679,ID679,B,2669.25102348143,395.85847731814414,5329.1395742877185
680,ID680,B,2527.288468896073,401.2964860206224,5072.584717617525
681,ID681,B,2740.0409644610886,360.11848424200645,5487.401714478172
682,ID682,C,2434.7901846830505,404.40885838313335,-2025.9958423284843
683,ID683,B,2475.307911641791,405.7342854691462,4953.6168549370395
684,ID684,B,2476.118478037207,402.54319984672327,4958.094300361579
685,ID685,C,2642.132046843283,386.9296268026731,-2264.856731783996
686,ID686,A,2063.5935437423045,390.0030844360203,4227.577572068731
687,ID687,A,2858.7017694469187,394.71450543600935,6607.936005077293
688,ID688,A,2541.1803341111604,373.9791916614702,5763.27756158979
689,ID689,B,2961.032748453385,415.62871218728026,5914.213573434642
690,ID690,C,2055.506232417805,410.45986123052757,-1656.6711800047915
691,ID691,A,3076.4839511666273,415.17869030021296,7182.815948958922
692,ID692,B,2487.535610331296,418.1018097091555,4974.123294035587
693,ID693,A,2465.2561527785624,436.10334220355014,5208.517910411002
694,ID694,C,2260.4028592017016,385.93082576372353,-1858.483476344836
695,ID695,C,2305.621495369301,402.81972016067175,-1926.0561377470226
696,ID696,B,2115.797138155969,395.6809508493916,4220.2981464457125
697,ID697,C,2556.1990197004734,398.3910985512162,-2160.5740805658556
698,ID698,B,2298.6979626682723,422.68852084340085,4599.534937641132
699,ID699,A,2282.690704702915,376.3359294166673,4984.199784881928
700,ID700,A,2642.136832745441,404.2025178172089,5888.549585904854
701,ID701,B,2491.7295641241462,394.9630033169884,4979.659143048544
702,ID702,A,1890.0512582205956,415.67593957363283,3574.6757487165273
703,ID703,A,2532.954654922166,398.3899457294179,5597.859063166075
704,ID704,A,3171.5209951626475,397.7356326538032,7547.391400335012
705,ID705,A,2686.465552749419,413.05632858538723,6007.905906356644
706,ID706,A,2936.391156802349,404.2102590041474,6782.936831637563
707,ID707,A,2738.6061345046473,378.4357580689074,6329.842018505943
708,ID708,A,2593.6107395287913,401.9512806386799,5765.1720198049015
709,ID709,B,2492.747530260755,400.60023902571817,5018.7956911891215
710,ID710,B,2378.7756755197975,404.67657557026365,4753.969902272193
711,ID711,C,1825.4313544411677,420.1445849414639,-1418.5076740797822
712,ID712,B,2432.5388884961094,425.3030813715527,4881.990981437267
713,ID713,C,2209.501446743267,382.0757743305494,-1831.8927689514653
714,ID714,A,2743.718228004172,392.9313911689595,6282.675524135748
715,ID715,A,2354.7334081648364,391.2998969473677,5123.153762292808
716,ID716,B,2618.063293369229,408.93979452615673,5246.075877188796
717,ID717,B,2814.9390929751066,397.81765218694954,5624.075384438494
718,ID718,A,2451.335018291925,394.3778067610273,5391.885767144628
719,ID719,B,1932.1192299183185,392.9423052935549,3868.0421985789903
720,ID720,A,2432.2289565207957,398.15355738496766,5306.503868480884
721,ID721,B,2430.8938026196065,389.36264460382307,4875.102408107528
722,ID722,B,2876.835818826006,383.47423511975876,5745.374504637704
723,ID723,B,2196.9467744058375,419.6941362108232,4398.363022958448
724,ID724,B,2686.66880505294,401.28500792569776,5372.356729335708
725,ID725,B,1991.2881921062713,433.21215399612134,3988.9148650137545
726,ID726,C,2749.9450951695567,394.21191523908965,-2369.988535719213
727,ID727,C,3052.839295880113,411.1510304779488,-2653.0148479345717
728,ID728,B,2474.6947842303953,404.7697372571645,4954.797465400816
729,ID729,A,2400.7435404170924,413.43950025895845,5108.849906499987
730,ID730,C,2427.107978219277,384.1065434232054,-2070.5106409179502
731,ID731,A,2394.6718973727243,408.6904843319578,5134.01900250574
732,ID732,B,2800.4338326314005,391.75557124070923,5602.436281421557
733,ID733,A,2994.1961170442464,387.7864744093759,7013.532930928588
734,ID734,A,2259.3551931887546,387.53856764647264,4827.386504517877
735,ID735,B,2215.5818732931307,416.63841803556517,4436.090283515591
736,ID736,C,2385.068173441866,424.1011614806777,-1952.9023339915325
737,ID737,A,2127.382159641619,405.06725199997703,4358.296883516646
738,ID738,B,2547.1655104428582,429.67304044372696,5087.960998689316
739,ID739,C,2451.4019981892448,372.6880627986499,-2083.3691634411175
740,ID740,C,2409.0041858821924,381.09906084050357,-2009.7053647522341
741,ID741,C,2421.2854850498093,390.6330602568583,-2038.7081273809354
742,ID742,A,2306.469069731261,388.83852902216495,4971.993156470067
743,ID743,C,2115.3780025099068,378.430301670994,-1760.7799551947915
744,ID744,B,2918.631529574766,390.2104372216297,5831.013981654822
745,ID745,B,2579.6004077730086,387.8573386136076,5158.899205189444
746,ID746,A,2409.225846451197,398.95670129920927,5234.490420969374
747,ID747,C,2539.8313291502127,384.30504286136613,-2164.693896146827
748,ID748,B,2691.0342367815824,388.05551045142965,5400.062378551033
749,ID749,B,2621.8176703711633,406.66488042351835,5224.717369522463
750,ID750,C,2189.474689545446,388.1789578664524,-1777.5740776186071
751,ID751,C,2623.7726298162906,404.50763796296485,-2240.6236606638136
752,ID752,C,2916.118513449577,427.103054426842,-2502.6699907641814
753,ID753,C,2385.632802411131,404.3773898523627,-1998.3035132935354
754,ID754,B,3008.4647963987445,418.9814683052821,6010.147405387673
755,ID755,B,2558.56215879331,415.21031679732675,5137.029362716246
756,ID756,C,2754.786935151047,410.5035923291933,-2347.548168691982
757,ID757,A,2744.1816568336794,421.0450559170817,6142.057985279078
758,ID758,B,2445.737131612001,396.70590399737773,4867.803427582064
759,ID759,A,2548.0861632415044,401.9313446517078,5642.1620872852245
760,ID760,B,2379.551226082587,392.6224017381656,4764.0427839116355
761,ID761,A,2174.1418265391762,389.2106993309719,4554.055388532807
762,ID762,A,2493.2785281917254,437.0951984246885,5296.128702755594
763,ID763,A,2745.7101280985285,401.2744243867177,6231.932083975168
764,ID764,B,2468.256540748352,386.9577430734641,4959.7701511588675
765,ID765,C,2518.9106202102703,398.4178350997425,-2130.351903557377
766,ID766,C,2606.319191917708,412.2840461639415,-2206.6314641247723
767,ID767,C,2669.5826565050784,403.12341393530596,-2295.0327515285103
768,ID768,A,2449.058836498761,393.9080499754217,5386.452360123408
769,ID769,B,2181.8280535188596,431.76306430293704,4356.563081629599
770,ID770,A,2562.4207530357467,395.1691510749669,5722.774758353328
771,ID771,B,2202.3174289162585,420.352734512682,4418.778941284296
772,ID772,A,2884.670159577773,388.35551523371356,6727.413525051507
773,ID773,A,2463.8480163120516,412.64727974373596,5337.901281698866
774,ID774,C,2348.470873077754,369.9884580904324,-1984.2259990986904
775,ID775,B,2320.0076705674733,401.6951019125452,4623.502046687237
776,ID776,A,2423.0214078019503,387.48359407839524,5343.994484172905
777,ID777,B,2354.393037290732,369.85190492684734,4713.1227793455555
778,ID778,B,2244.2173940187477,399.2679315891706,4495.113787998479
779,ID779,A,1940.6260002187976,414.3685394739227,3764.8533024294493
780,ID780,A,2508.33154328263,398.20807757650005,5511.963580464225
781,ID781,C,2756.4942109519116,391.68510019626007,-2375.908673393893
782,ID782,A,2490.5082566128044,406.1287767854429,5441.994608946047
783,ID783,A,2162.0414161138283,411.8658215995122,4416.272844952402
784,ID784,C,1908.9215584440688,411.8087522523205,-1506.056644937491
785,ID785,A,2542.6651013920077,418.4870348476985,5530.679129316334
786,ID786,A,2007.9182002040918,397.48615203992176,4042.870760954775
787,ID787,C,2745.3778651023617,409.1140934259741,-2327.6827401551895
788,ID788,A,2696.7466430171735,386.99952623131435,6153.840294655714
789,ID789,C,2385.4156248312556,413.7439287389456,-1960.0183485071518
790,ID790,A,2576.1763366453874,417.60809292082905,5658.486704063974
791,ID791,A,1727.6185122564552,415.1622796126344,3093.489336605813
792,ID792,C,2946.182477454797,379.6327690672833,-2559.920237199485
793,ID793,A,2944.242254526782,377.8171362185824,6923.232458006608
794,ID794,C,2905.920128642305,399.57423743839587,-2510.9867815852463
795,ID795,A,2676.2818384084103,396.23369096030456,6064.410314877105
796,ID796,B,2771.0297480846493,420.19559901513844,5520.101375341663
797,ID797,B,2300.363945315945,391.28179943082495,4603.658423753143
798,ID798,B,2791.8388035528046,412.7710459535815,5584.5069885549965
799,ID799,B,2530.906315826765,397.42388102389646,5067.102096532048
